STUDENT,CLASS,PERIOD
   2,101E,  5
   2,102A,  1
   2,103E,  7
   2,104E,  6
   2,113A,  2
   2,501B,  4
   2,502B,  3
   4,101C,  7
   4,102F,  2
   4,103C,  4
   4,104C,  3
   4,505C,  5
   4,506F,  1
   4,507C,  6
   6,101A,  3
   6,102C,  6
   6,103F,  5
   6,104F,  7
   6,113A,  2
   6,501B,  4
   6,502F,  1
   8,101G,  4
   8,102B,  5
   8,103G,  6
   8,104B,  1
   8,505B,  7
   8,506C,  2
   8,507G,  3
  10,101D,  6
  10,102B,  5
  10,103D,  1
  10,104F,  7
  10,113B,  3
  10,501C,  2
  10,502E,  4
  12,101F,  2
  12,102G,  3
  12,103F,  5
  12,104F,  7
  12,505E,  6
  12,506G,  4
  12,507D,  1
  14,101G,  4
  14,102F,  2
  14,103E,  7
  14,104A,  5
  14,113B,  3
  14,501A,  6
  14,502F,  1
  16,101G,  4
  16,102D,  7
  16,103A,  3
  16,104D,  2
  16,505C,  5
  16,506F,  1
  16,507C,  6
  18,101C,  7
  18,102B,  5
  18,103B,  2
  18,104B,  1
  18,113B,  3
  18,501B,  4
  18,502C,  6
  20,101A,  3
  20,102E,  4
  20,103F,  5
  20,104E,  6
  20,505G,  1
  20,506C,  2
  20,507A,  7
  22,101D,  6
  22,102D,  7
  22,103D,  1
  22,104D,  2
  22,113B,  3
  22,501B,  4
  22,502A,  5
  24,101D,  6
  24,102A,  1
  24,103A,  3
  24,104G,  4
  24,505B,  7
  24,506D,  5
  24,507F,  2
  26,101B,  1
  26,102C,  6
  26,103F,  5
  26,104G,  4
  26,113B,  3
  26,501C,  2
  26,502D,  7
  28,101E,  5
  28,102C,  6
  28,103A,  3
  28,104D,  2
  28,505B,  7
  28,506F,  1
  28,507E,  4
  30,101G,  4
  30,102C,  6
  30,103F,  5
  30,104C,  3
  30,113A,  2
  30,501G,  1
  30,502D,  7
  32,101F,  2
  32,102A,  1
  32,103G,  6
  32,104F,  7
  32,505C,  5
  32,506G,  4
  32,507G,  3
  34,101D,  6
  34,102B,  5
  34,103D,  1
  34,104G,  4
  34,113B,  3
  34,501C,  2
  34,502D,  7
  36,101C,  7
  36,102G,  3
  36,103F,  5
  36,104D,  2
  36,505E,  6
  36,506F,  1
  36,507E,  4
  38,101C,  7
  38,102A,  1
  38,103A,  3
  38,104A,  5
  38,113A,  2
  38,501B,  4
  38,502C,  6
  40,101C,  7
  40,102C,  6
  40,103B,  2
  40,104A,  5
  40,505F,  4
  40,506F,  1
  40,507G,  3
  42,101G,  4
  42,102B,  5
  42,103A,  3
  42,104F,  7
  42,113A,  2
  42,501A,  6
  42,502F,  1
  44,101A,  3
  44,102C,  6
  44,103D,  1
  44,104A,  5
  44,505B,  7
  44,506C,  2
  44,507E,  4
  46,101A,  3
  46,102A,  1
  46,103C,  4
  46,104E,  6
  46,113A,  2
  46,501F,  7
  46,502A,  5
  48,101B,  1
  48,102E,  4
  48,103G,  6
  48,104C,  3
  48,505A,  2
  48,506E,  7
  48,507B,  5
  50,101E,  5
  50,102A,  1
  50,103A,  3
  50,104F,  7
  50,113A,  2
  50,501B,  4
  50,502C,  6
  52,101A,  3
  52,102E,  4
  52,103E,  7
  52,104B,  1
  52,505A,  2
  52,506D,  5
  52,507C,  6
  54,101A,  3
  54,102B,  5
  54,103C,  4
  54,104B,  1
  54,113A,  2
  54,501A,  6
  54,502D,  7
  56,101F,  2
  56,102D,  7
  56,103C,  4
  56,104E,  6
  56,505G,  1
  56,506B,  3
  56,507B,  5
  58,101E,  5
  58,102E,  4
  58,103G,  6
  58,104B,  1
  58,113B,  3
  58,501C,  2
  58,502D,  7
  60,101B,  1
  60,102D,  7
  60,103G,  6
  60,104G,  4
  60,505A,  2
  60,506D,  5
  60,507G,  3
  62,101G,  4
  62,102A,  1
  62,103F,  5
  62,104D,  2
  62,113B,  3
  62,501F,  7
  62,502C,  6
  64,101C,  7
  64,102B,  5
  64,103B,  2
  64,104G,  4
  64,505E,  6
  64,506B,  3
  64,507D,  1
  66,101G,  4
  66,102C,  6
  66,103B,  2
  66,104B,  1
  66,113B,  3
  66,501D,  5
  66,502D,  7
  68,101C,  7
  68,102G,  3
  68,103C,  4
  68,104B,  1
  68,505C,  5
  68,506C,  2
  68,507C,  6
  70,101F,  2
  70,102E,  4
  70,103G,  6
  70,104F,  7
  70,113B,  3
  70,501D,  5
  70,502F,  1
  72,101F,  2
  72,102C,  6
  72,103D,  1
  72,104A,  5
  72,505B,  7
  72,506G,  4
  72,507G,  3
  74,101C,  7
  74,102E,  4
  74,103D,  1
  74,104D,  2
  74,113B,  3
  74,501A,  6
  74,502A,  5
  76,101C,  7
  76,102A,  1
  76,103C,  4
  76,104A,  5
  76,505D,  3
  76,506A,  6
  76,507F,  2
  78,101C,  7
  78,102C,  6
  78,103D,  1
  78,104D,  2
  78,113B,  3
  78,501B,  4
  78,502A,  5
  80,101E,  5
  80,102C,  6
  80,103D,  1
  80,104G,  4
  80,505D,  3
  80,506E,  7
  80,507F,  2
  82,101D,  6
  82,102A,  1
  82,103B,  2
  82,104A,  5
  82,113B,  3
  82,501B,  4
  82,502D,  7
  84,101A,  3
  84,102E,  4
  84,103D,  1
  84,104A,  5
  84,505A,  2
  84,506E,  7
  84,507C,  6
  86,101B,  1
  86,102D,  7
  86,103C,  4
  86,104E,  6
  86,113B,  3
  86,501C,  2
  86,502A,  5
  88,101D,  6
  88,102D,  7
  88,103F,  5
  88,104G,  4
  88,505A,  2
  88,506B,  3
  88,507D,  1
  90,101B,  1
  90,102D,  7
  90,103G,  6
  90,104A,  5
  90,113A,  2
  90,501B,  4
  90,502B,  3
  92,101E,  5
  92,102A,  1
  92,103C,  4
  92,104E,  6
  92,505D,  3
  92,506E,  7
  92,507F,  2
  94,101C,  7
  94,102E,  4
  94,103D,  1
  94,104A,  5
  94,113B,  3
  94,501C,  2
  94,502C,  6
  96,101G,  4
  96,102A,  1
  96,103E,  7
  96,104D,  2
  96,505C,  5
  96,506B,  3
  96,507C,  6
  98,101C,  7
  98,102A,  1
  98,103A,  3
  98,104E,  6
  98,113A,  2
  98,501B,  4
  98,502A,  5
 100,101F,  2
 100,102D,  7
 100,103C,  4
 100,104C,  3
 100,505E,  6
 100,506D,  5
 100,507D,  1
 102,101E,  5
 102,102G,  3
 102,103C,  4
 102,104E,  6
 102,113A,  2
 102,501G,  1
 102,502D,  7
 104,101G,  4
 104,102B,  5
 104,103B,  2
 104,104C,  3
 104,505B,  7
 104,506F,  1
 104,507C,  6
 106,101E,  5
 106,102A,  1
 106,103C,  4
 106,104C,  3
 106,113A,  2
 106,501F,  7
 106,502C,  6
 108,101G,  4
 108,102A,  1
 108,103A,  3
 108,104F,  7
 108,505C,  5
 108,506A,  6
 108,507F,  2
 110,101C,  7
 110,102C,  6
 110,103C,  4
 110,104A,  5
 110,113B,  3
 110,501C,  2
 110,502F,  1
 112,101G,  4
 112,102A,  1
 112,103A,  3
 112,104E,  6
 112,505A,  2
 112,506D,  5
 112,507A,  7
 114,101B,  1
 114,102D,  7
 114,103B,  2
 114,104G,  4
 114,113B,  3
 114,501A,  6
 114,502A,  5
 116,101A,  3
 116,102C,  6
 116,103E,  7
 116,104B,  1
 116,505F,  4
 116,506C,  2
 116,507B,  5
 118,101B,  1
 118,102G,  3
 118,103G,  6
 118,104A,  5
 118,113A,  2
 118,501B,  4
 118,502D,  7
 120,101B,  1
 120,102D,  7
 120,103G,  6
 120,104C,  3
 120,505C,  5
 120,506C,  2
 120,507E,  4
 122,101G,  4
 122,102D,  7
 122,103F,  5
 122,104D,  2
 122,113B,  3
 122,501A,  6
 122,502F,  1
 124,101A,  3
 124,102F,  2
 124,103E,  7
 124,104A,  5
 124,505F,  4
 124,506F,  1
 124,507C,  6
 126,201F,  4
 126,202G,  7
 126,203G,  1
 126,204F,  3
 126,211B,  6
 126,212B,  2
 126,213B,  5
 128,201D,  1
 128,202A,  4
 128,203D,  7
 128,204D,  5
 128,503C,  3
 128,504A,  2
 128,505E,  6
 130,201F,  4
 130,202C,  3
 130,203G,  1
 130,204G,  2
 130,211A,  7
 130,212A,  6
 130,213B,  5
 132,201E,  2
 132,202E,  1
 132,203F,  5
 132,204F,  3
 132,503D,  7
 132,504E,  4
 132,505E,  6
 134,201F,  4
 134,202E,  1
 134,203F,  5
 134,204F,  3
 134,211A,  7
 134,212A,  6
 134,213A,  2
 136,201A,  3
 136,202A,  4
 136,203F,  5
 136,204E,  1
 136,503E,  2
 136,504F,  7
 136,505E,  6
 138,201C,  5
 138,202C,  3
 138,203G,  1
 138,204B,  4
 138,211A,  7
 138,212A,  6
 138,213A,  2
 140,201G,  6
 140,202B,  2
 140,203F,  5
 140,204E,  1
 140,503F,  4
 140,504F,  7
 140,505D,  3
 142,201F,  4
 142,202G,  7
 142,203C,  3
 142,204E,  1
 142,211B,  6
 142,212B,  2
 142,213B,  5
 144,201E,  2
 144,202G,  7
 144,203E,  6
 144,204B,  4
 144,503B,  5
 144,504C,  3
 144,505G,  1
 146,201A,  3
 146,202G,  7
 146,203B,  4
 146,204E,  1
 146,211B,  6
 146,212B,  2
 146,213B,  5
 148,201E,  2
 148,202E,  1
 148,203B,  4
 148,204D,  5
 148,503G,  6
 148,504F,  7
 148,505D,  3
 150,201C,  5
 150,202C,  3
 150,203B,  4
 150,204E,  1
 150,211A,  7
 150,212A,  6
 150,213A,  2
 152,201C,  5
 152,202G,  7
 152,203E,  6
 152,204E,  1
 152,503E,  2
 152,504C,  3
 152,505F,  4
 154,201D,  1
 154,202A,  4
 154,203F,  5
 154,204F,  3
 154,211A,  7
 154,212A,  6
 154,213A,  2
 156,201A,  3
 156,202B,  2
 156,203B,  4
 156,204A,  6
 156,503D,  7
 156,504G,  1
 156,505C,  5
 158,201A,  3
 158,202A,  4
 158,203G,  1
 158,204C,  7
 158,211B,  6
 158,212B,  2
 158,213B,  5
 160,201F,  4
 160,202C,  3
 160,203A,  2
 160,204A,  6
 160,503B,  5
 160,504F,  7
 160,505G,  1
 162,201D,  1
 162,202G,  7
 162,203B,  4
 162,204F,  3
 162,211B,  6
 162,212B,  2
 162,213B,  5
 164,201B,  7
 164,202C,  3
 164,203F,  5
 164,204B,  4
 164,503G,  6
 164,504A,  2
 164,505G,  1
 166,201D,  1
 166,202C,  3
 166,203E,  6
 166,204B,  4
 166,211A,  7
 166,212B,  2
 166,213B,  5
 168,201A,  3
 168,202A,  4
 168,203A,  2
 168,204C,  7
 168,503G,  6
 168,504D,  5
 168,505G,  1
 170,201B,  7
 170,202C,  3
 170,203G,  1
 170,204B,  4
 170,211B,  6
 170,212B,  2
 170,213B,  5
 172,201A,  3
 172,202A,  4
 172,203D,  7
 172,204G,  2
 172,503B,  5
 172,504B,  6
 172,505G,  1
 174,201D,  1
 174,202F,  5
 174,203B,  4
 174,204F,  3
 174,211A,  7
 174,212A,  6
 174,213A,  2
 176,201E,  2
 176,202G,  7
 176,203F,  5
 176,204F,  3
 176,503A,  1
 176,504E,  4
 176,505E,  6
 178,201F,  4
 178,202E,  1
 178,203C,  3
 178,204D,  5
 178,211A,  7
 178,212A,  6
 178,213A,  2
 180,201G,  6
 180,202G,  7
 180,203C,  3
 180,204B,  4
 180,503B,  5
 180,504G,  1
 180,505A,  2
 182,201F,  4
 182,202C,  3
 182,203A,  2
 182,204E,  1
 182,211A,  7
 182,212A,  6
 182,213B,  5
 184,201C,  5
 184,202C,  3
 184,203D,  7
 184,204A,  6
 184,503A,  1
 184,504A,  2
 184,505F,  4
 186,201D,  1
 186,202C,  3
 186,203D,  7
 186,204B,  4
 186,211B,  6
 186,212B,  2
 186,213B,  5
 188,201A,  3
 188,202E,  1
 188,203D,  7
 188,204A,  6
 188,503E,  2
 188,504D,  5
 188,505F,  4
 190,201D,  1
 190,202B,  2
 190,203B,  4
 190,204F,  3
 190,211A,  7
 190,212A,  6
 190,213B,  5
 192,201B,  7
 192,202B,  2
 192,203C,  3
 192,204E,  1
 192,503G,  6
 192,504D,  5
 192,505F,  4
 194,201A,  3
 194,202E,  1
 194,203B,  4
 194,204C,  7
 194,211B,  6
 194,212B,  2
 194,213B,  5
 196,201B,  7
 196,202A,  4
 196,203F,  5
 196,204F,  3
 196,503A,  1
 196,504B,  6
 196,505A,  2
 198,201A,  3
 198,202E,  1
 198,203D,  7
 198,204B,  4
 198,211B,  6
 198,212B,  2
 198,213B,  5
 200,201E,  2
 200,202C,  3
 200,203G,  1
 200,204D,  5
 200,503F,  4
 200,504F,  7
 200,505E,  6
 202,201A,  3
 202,202A,  4
 202,203G,  1
 202,204D,  5
 202,211A,  7
 202,212A,  6
 202,213A,  2
 204,201C,  5
 204,202C,  3
 204,203E,  6
 204,204C,  7
 204,503E,  2
 204,504E,  4
 204,505G,  1
 206,201D,  1
 206,202G,  7
 206,203C,  3
 206,204B,  4
 206,211B,  6
 206,212B,  2
 206,213B,  5
 208,201F,  4
 208,202F,  5
 208,203A,  2
 208,204A,  6
 208,503D,  7
 208,504C,  3
 208,505G,  1
 210,201C,  5
 210,202E,  1
 210,203C,  3
 210,204B,  4
 210,211A,  7
 210,212A,  6
 210,213A,  2
 212,201G,  6
 212,202G,  7
 212,203B,  4
 212,204E,  1
 212,503C,  3
 212,504D,  5
 212,505A,  2
 214,201F,  4
 214,202E,  1
 214,203D,  7
 214,204F,  3
 214,211B,  6
 214,212B,  2
 214,213B,  5
 216,201A,  3
 216,202A,  4
 216,203F,  5
 216,204C,  7
 216,503A,  1
 216,504A,  2
 216,505E,  6
 218,201D,  1
 218,202A,  4
 218,203C,  3
 218,204A,  6
 218,211A,  7
 218,212B,  2
 218,213B,  5
 220,201G,  6
 220,202C,  3
 220,203B,  4
 220,204E,  1
 220,503E,  2
 220,504D,  5
 220,505B,  7
 222,201C,  5
 222,202E,  1
 222,203B,  4
 222,204F,  3
 222,211A,  7
 222,212A,  6
 222,213A,  2
 224,201A,  3
 224,202A,  4
 224,203E,  6
 224,204D,  5
 224,503D,  7
 224,504G,  1
 224,505A,  2
 226,201F,  4
 226,202C,  3
 226,203D,  7
 226,204E,  1
 226,211B,  6
 226,212B,  2
 226,213B,  5
 228,201B,  7
 228,202A,  4
 228,203G,  1
 228,204A,  6
 228,503B,  5
 228,504A,  2
 228,505D,  3
 230,201A,  3
 230,202A,  4
 230,203F,  5
 230,204E,  1
 230,211A,  7
 230,212A,  6
 230,213A,  2
 232,201G,  6
 232,202C,  3
 232,203F,  5
 232,204E,  1
 232,503D,  7
 232,504E,  4
 232,505A,  2
 234,201F,  4
 234,202B,  2
 234,203C,  3
 234,204E,  1
 234,211A,  7
 234,212A,  6
 234,213B,  5
 236,201E,  2
 236,202E,  1
 236,203B,  4
 236,204A,  6
 236,503B,  5
 236,504C,  3
 236,505B,  7
 238,201F,  4
 238,202E,  1
 238,203A,  2
 238,204F,  3
 238,211A,  7
 238,212A,  6
 238,213B,  5
 240,201E,  2
 240,202G,  7
 240,203F,  5
 240,204B,  4
 240,503G,  6
 240,504G,  1
 240,505D,  3
 242,201F,  4
 242,202E,  1
 242,203C,  3
 242,204G,  2
 242,211A,  7
 242,212A,  6
 242,213B,  5
 244,201B,  7
 244,202C,  3
 244,203A,  2
 244,204A,  6
 244,503F,  4
 244,504D,  5
 244,505G,  1
 246,201F,  4
 246,202F,  5
 246,203G,  1
 246,204F,  3
 246,211A,  7
 246,212A,  6
 246,213A,  2
 248,201B,  7
 248,202A,  4
 248,203C,  3
 248,204E,  1
 248,503G,  6
 248,504D,  5
 248,505A,  2
 250,201D,  1
 250,202C,  3
 250,203F,  5
 250,204B,  4
 250,211A,  7
 250,212A,  6
 250,213A,  2
 252,301B,  5
 252,302E,  4
 252,303G,  1
 252,304G,  3
 252,313A,  2
 252,501A,  6
 252,502D,  7
 254,301A,  6
 254,302G,  3
 254,303F,  4
 254,304B,  2
 254,505C,  5
 254,506E,  7
 254,507D,  1
 256,301A,  6
 256,302G,  3
 256,303B,  5
 256,304B,  2
 256,313B,  4
 256,501G,  1
 256,502D,  7
 258,301G,  7
 258,302G,  3
 258,303C,  2
 258,304C,  1
 258,505E,  6
 258,506G,  4
 258,507B,  5
 260,301B,  5
 260,302G,  3
 260,303G,  1
 260,304A,  6
 260,313B,  4
 260,501F,  7
 260,502G,  2
 262,301E,  2
 262,302G,  3
 262,303B,  5
 262,304F,  7
 262,505G,  1
 262,506G,  4
 262,507C,  6
 264,301A,  6
 264,302B,  5
 264,303A,  3
 264,304B,  2
 264,313B,  4
 264,501G,  1
 264,502D,  7
 266,301C,  1
 266,302A,  2
 266,303F,  4
 266,304F,  7
 266,505E,  6
 266,506B,  3
 266,507B,  5
 268,301F,  3
 268,302E,  4
 268,303G,  1
 268,304F,  7
 268,313A,  2
 268,501A,  6
 268,502A,  5
 270,301F,  3
 270,302D,  7
 270,303G,  1
 270,304E,  4
 270,505C,  5
 270,506A,  6
 270,507F,  2
 272,301F,  3
 272,302B,  5
 272,303G,  1
 272,304E,  4
 272,313A,  2
 272,501F,  7
 272,502C,  6
 274,301C,  1
 274,302B,  5
 274,303C,  2
 274,304F,  7
 274,505D,  3
 274,506A,  6
 274,507E,  4
 276,301E,  2
 276,302D,  7
 276,303B,  5
 276,304C,  1
 276,313B,  4
 276,501E,  3
 276,502C,  6
 278,301B,  5
 278,302A,  2
 278,303D,  7
 278,304E,  4
 278,505D,  3
 278,506A,  6
 278,507D,  1
 280,301A,  6
 280,302A,  2
 280,303A,  3
 280,304F,  7
 280,313B,  4
 280,501D,  5
 280,502F,  1
 282,301F,  3
 282,302E,  4
 282,303C,  2
 282,304D,  5
 282,505E,  6
 282,506E,  7
 282,507D,  1
 284,301F,  3
 284,302C,  1
 284,303E,  6
 284,304F,  7
 284,313B,  4
 284,501D,  5
 284,502G,  2
 286,301C,  1
 286,302A,  2
 286,303E,  6
 286,304D,  5
 286,505B,  7
 286,506G,  4
 286,507G,  3
 288,301F,  3
 288,302C,  1
 288,303C,  2
 288,304A,  6
 288,313B,  4
 288,501F,  7
 288,502A,  5
 290,301D,  4
 290,302B,  5
 290,303G,  1
 290,304F,  7
 290,505E,  6
 290,506C,  2
 290,507G,  3
 292,301F,  3
 292,302B,  5
 292,303E,  6
 292,304F,  7
 292,313A,  2
 292,501G,  1
 292,502E,  4
 294,301B,  5
 294,302G,  3
 294,303G,  1
 294,304F,  7
 294,505F,  4
 294,506C,  2
 294,507C,  6
 296,301D,  4
 296,302G,  3
 296,303G,  1
 296,304A,  6
 296,313A,  2
 296,501F,  7
 296,502A,  5
 298,301F,  3
 298,302D,  7
 298,303C,  2
 298,304E,  4
 298,505E,  6
 298,506F,  1
 298,507B,  5
 300,301A,  6
 300,302C,  1
 300,303C,  2
 300,304D,  5
 300,313B,  4
 300,501E,  3
 300,502D,  7
 302,301B,  5
 302,302D,  7
 302,303A,  3
 302,304C,  1
 302,505F,  4
 302,506C,  2
 302,507C,  6
 304,301C,  1
 304,302D,  7
 304,303F,  4
 304,304D,  5
 304,313A,  2
 304,501E,  3
 304,502C,  6
 306,301E,  2
 306,302B,  5
 306,303A,  3
 306,304C,  1
 306,505B,  7
 306,506A,  6
 306,507E,  4
 308,301C,  1
 308,302B,  5
 308,303F,  4
 308,304G,  3
 308,313A,  2
 308,501A,  6
 308,502D,  7
 310,301G,  7
 310,302E,  4
 310,303A,  3
 310,304A,  6
 310,505G,  1
 310,506C,  2
 310,507B,  5
 312,301B,  5
 312,302C,  1
 312,303D,  7
 312,304B,  2
 312,313B,  4
 312,501E,  3
 312,502C,  6
 314,301A,  6
 314,302B,  5
 314,303G,  1
 314,304B,  2
 314,505B,  7
 314,506B,  3
 314,507E,  4
 316,301A,  6
 316,302D,  7
 316,303B,  5
 316,304G,  3
 316,313A,  2
 316,501B,  4
 316,502F,  1
 318,301B,  5
 318,302C,  1
 318,303A,  3
 318,304B,  2
 318,505F,  4
 318,506A,  6
 318,507A,  7
 320,301F,  3
 320,302C,  1
 320,303F,  4
 320,304D,  5
 320,313A,  2
 320,501A,  6
 320,502D,  7
 322,301D,  4
 322,302B,  5
 322,303E,  6
 322,304F,  7
 322,505D,  3
 322,506F,  1
 322,507F,  2
 324,301A,  6
 324,302B,  5
 324,303D,  7
 324,304E,  4
 324,313A,  2
 324,501E,  3
 324,502F,  1
 326,301D,  4
 326,302F,  6
 326,303C,  2
 326,304F,  7
 326,505G,  1
 326,506D,  5
 326,507G,  3
 328,301B,  5
 328,302D,  7
 328,303F,  4
 328,304A,  6
 328,313A,  2
 328,501G,  1
 328,502B,  3
 330,301D,  4
 330,302D,  7
 330,303E,  6
 330,304C,  1
 330,505A,  2
 330,506B,  3
 330,507B,  5
 332,301A,  6
 332,302B,  5
 332,303F,  4
 332,304C,  1
 332,313A,  2
 332,501F,  7
 332,502B,  3
 334,301C,  1
 334,302E,  4
 334,303C,  2
 334,304D,  5
 334,505D,  3
 334,506A,  6
 334,507A,  7
 336,301A,  6
 336,302D,  7
 336,303A,  3
 336,304C,  1
 336,313A,  2
 336,501B,  4
 336,502A,  5
 338,301E,  2
 338,302C,  1
 338,303B,  5
 338,304A,  6
 338,505D,  3
 338,506E,  7
 338,507E,  4
 340,301E,  2
 340,302G,  3
 340,303B,  5
 340,304C,  1
 340,313B,  4
 340,501A,  6
 340,502D,  7
 342,301E,  2
 342,302F,  6
 342,303A,  3
 342,304F,  7
 342,505C,  5
 342,506G,  4
 342,507D,  1
 344,301D,  4
 344,302C,  1
 344,303B,  5
 344,304A,  6
 344,313A,  2
 344,501F,  7
 344,502B,  3
 346,301C,  1
 346,302D,  7
 346,303B,  5
 346,304B,  2
 346,505D,  3
 346,506A,  6
 346,507E,  4
 348,301A,  6
 348,302C,  1
 348,303A,  3
 348,304D,  5
 348,313A,  2
 348,501B,  4
 348,502D,  7
 350,301G,  7
 350,302B,  5
 350,303A,  3
 350,304E,  4
 350,505E,  6
 350,506F,  1
 350,507F,  2
 352,301E,  2
 352,302C,  1
 352,303A,  3
 352,304D,  5
 352,313B,  4
 352,501F,  7
 352,502C,  6
 354,301E,  2
 354,302E,  4
 354,303E,  6
 354,304C,  1
 354,505C,  5
 354,506E,  7
 354,507G,  3
 356,301A,  6
 356,302B,  5
 356,303A,  3
 356,304F,  7
 356,313A,  2
 356,501G,  1
 356,502E,  4
 358,301G,  7
 358,302C,  1
 358,303B,  5
 358,304E,  4
 358,505E,  6
 358,506C,  2
 358,507G,  3
 360,301C,  1
 360,302G,  3
 360,303B,  5
 360,304B,  2
 360,313B,  4
 360,501A,  6
 360,502D,  7
 362,301A,  6
 362,302G,  3
 362,303D,  7
 362,304C,  1
 362,505C,  5
 362,506G,  4
 362,507F,  2
 364,301F,  3
 364,302A,  2
 364,303B,  5
 364,304C,  1
 364,313B,  4
 364,501F,  7
 364,502C,  6
 366,301D,  4
 366,302B,  5
 366,303C,  2
 366,304A,  6
 366,505D,  3
 366,506E,  7
 366,507D,  1
 368,301A,  6
 368,302D,  7
 368,303B,  5
 368,304C,  1
 368,313B,  4
 368,501C,  2
 368,502B,  3
 370,301C,  1
 370,302B,  5
 370,303F,  4
 370,304B,  2
 370,505D,  3
 370,506A,  6
 370,507A,  7
 372,301G,  7
 372,302G,  3
 372,303E,  6
 372,304D,  5
 372,313A,  2
 372,501G,  1
 372,502E,  4
 374,301F,  3
 374,302A,  2
 374,303B,  5
 374,304F,  7
 374,505E,  6
 374,506F,  1
 374,507E,  4
 376,401F,  5
 376,402C,  3
 376,403F,  2
 376,404F,  7
 376,411B,  6
 376,412B,  4
 376,413B,  1
 378,401A,  3
 378,402E,  4
 378,403C,  5
 378,404D,  6
 378,503E,  2
 378,504G,  1
 378,505B,  7
 380,401B,  4
 380,402C,  3
 380,403F,  2
 380,404F,  7
 380,411B,  6
 380,412A,  5
 380,413B,  1
 382,401A,  3
 382,402E,  4
 382,403B,  1
 382,404D,  6
 382,503E,  2
 382,504F,  7
 382,505C,  5
 384,401D,  7
 384,402C,  3
 384,403F,  2
 384,404B,  1
 384,411B,  6
 384,412A,  5
 384,413A,  4
 386,401F,  5
 386,402B,  2
 386,403D,  7
 386,404E,  3
 386,503G,  6
 386,504E,  4
 386,505G,  1
 388,401D,  7
 388,402B,  2
 388,403C,  5
 388,404E,  3
 388,411B,  6
 388,412B,  4
 388,413B,  1
 390,401C,  1
 390,402B,  2
 390,403E,  4
 390,404E,  3
 390,503B,  5
 390,504B,  6
 390,505B,  7
 392,401D,  7
 392,402C,  3
 392,403A,  6
 392,404C,  2
 392,411A,  5
 392,412B,  4
 392,413B,  1
 394,401C,  1
 394,402E,  4
 394,403G,  3
 394,404F,  7
 394,503E,  2
 394,504D,  5
 394,505E,  6
 396,401B,  4
 396,402G,  7
 396,403F,  2
 396,404E,  3
 396,411B,  6
 396,412A,  5
 396,413B,  1
 398,401B,  4
 398,402G,  7
 398,403B,  1
 398,404D,  6
 398,503C,  3
 398,504A,  2
 398,505C,  5
 400,401D,  7
 400,402F,  1
 400,403G,  3
 400,404C,  2
 400,411B,  6
 400,412A,  5
 400,413A,  4
 402,401D,  7
 402,402B,  2
 402,403C,  5
 402,404D,  6
 402,503A,  1
 402,504E,  4
 402,505D,  3
 404,401F,  5
 404,402G,  7
 404,403F,  2
 404,404E,  3
 404,411B,  6
 404,412B,  4
 404,413B,  1
 406,401E,  6
 406,402G,  7
 406,403E,  4
 406,404B,  1
 406,503E,  2
 406,504C,  3
 406,505C,  5
 408,401G,  2
 408,402C,  3
 408,403E,  4
 408,404F,  7
 408,411B,  6
 408,412A,  5
 408,413B,  1
 410,401A,  3
 410,402B,  2
 410,403C,  5
 410,404D,  6
 410,503A,  1
 410,504F,  7
 410,505F,  4
 412,401E,  6
 412,402C,  3
 412,403F,  2
 412,404F,  7
 412,411A,  5
 412,412B,  4
 412,413B,  1
 414,401E,  6
 414,402B,  2
 414,403G,  3
 414,404B,  1
 414,503D,  7
 414,504E,  4
 414,505C,  5
 416,401A,  3
 416,402B,  2
 416,403D,  7
 416,404D,  6
 416,411A,  5
 416,412B,  4
 416,413B,  1
 418,401B,  4
 418,402A,  5
 418,403F,  2
 418,404B,  1
 418,503D,  7
 418,504C,  3
 418,505E,  6
 420,401C,  1
 420,402C,  3
 420,403F,  2
 420,404F,  7
 420,411B,  6
 420,412A,  5
 420,413A,  4
 422,401C,  1
 422,402G,  7
 422,403C,  5
 422,404G,  4
 422,503C,  3
 422,504B,  6
 422,505A,  2
 424,401G,  2
 424,402D,  6
 424,403D,  7
 424,404E,  3
 424,411A,  5
 424,412B,  4
 424,413B,  1
 426,401G,  2
 426,402A,  5
 426,403B,  1
 426,404D,  6
 426,503F,  4
 426,504F,  7
 426,505D,  3
 428,401A,  3
 428,402F,  1
 428,403F,  2
 428,404F,  7
 428,411B,  6
 428,412A,  5
 428,413A,  4
 430,401B,  4
 430,402B,  2
 430,403B,  1
 430,404E,  3
 430,503G,  6
 430,504D,  5
 430,505B,  7
 432,401D,  7
 432,402C,  3
 432,403F,  2
 432,404D,  6
 432,411A,  5
 432,412B,  4
 432,413B,  1
 434,401G,  2
 434,402G,  7
 434,403B,  1
 434,404E,  3
 434,503B,  5
 434,504B,  6
 434,505F,  4
 436,401D,  7
 436,402B,  2
 436,403G,  3
 436,404G,  4
 436,411B,  6
 436,412A,  5
 436,413B,  1
 438,401E,  6
 438,402C,  3
 438,403C,  5
 438,404G,  4
 438,503E,  2
 438,504F,  7
 438,505G,  1
 440,401D,  7
 440,402B,  2
 440,403G,  3
 440,404A,  5
 440,411B,  6
 440,412B,  4
 440,413B,  1
 442,401E,  6
 442,402E,  4
 442,403F,  2
 442,404B,  1
 442,503B,  5
 442,504F,  7
 442,505D,  3
 444,401D,  7
 444,402B,  2
 444,403B,  1
 444,404E,  3
 444,411B,  6
 444,412A,  5
 444,413A,  4
 446,401G,  2
 446,402F,  1
 446,403A,  6
 446,404F,  7
 446,503F,  4
 446,504C,  3
 446,505C,  5
 448,401E,  6
 448,402B,  2
 448,403G,  3
 448,404F,  7
 448,411A,  5
 448,412B,  4
 448,413B,  1
 450,401F,  5
 450,402F,  1
 450,403E,  4
 450,404D,  6
 450,503D,  7
 450,504A,  2
 450,505D,  3
 452,401D,  7
 452,402B,  2
 452,403A,  6
 452,404E,  3
 452,411A,  5
 452,412B,  4
 452,413B,  1
 454,401F,  5
 454,402E,  4
 454,403D,  7
 454,404D,  6
 454,503A,  1
 454,504C,  3
 454,505A,  2
 456,401E,  6
 456,402G,  7
 456,403F,  2
 456,404E,  3
 456,411A,  5
 456,412B,  4
 456,413B,  1
 458,401B,  4
 458,402A,  5
 458,403D,  7
 458,404D,  6
 458,503A,  1
 458,504A,  2
 458,505D,  3
 460,401D,  7
 460,402D,  6
 460,403G,  3
 460,404C,  2
 460,411A,  5
 460,412B,  4
 460,413B,  1
 462,401G,  2
 462,402E,  4
 462,403B,  1
 462,404D,  6
 462,503D,  7
 462,504C,  3
 462,505C,  5
 464,401G,  2
 464,402C,  3
 464,403D,  7
 464,404D,  6
 464,411A,  5
 464,412B,  4
 464,413B,  1
 466,401E,  6
 466,402A,  5
 466,403B,  1
 466,404C,  2
 466,503F,  4
 466,504C,  3
 466,505B,  7
 468,401D,  7
 468,402E,  4
 468,403G,  3
 468,404C,  2
 468,411B,  6
 468,412A,  5
 468,413B,  1
 470,401C,  1
 470,402D,  6
 470,403G,  3
 470,404F,  7
 470,503E,  2
 470,504D,  5
 470,505F,  4
 472,401D,  7
 472,402E,  4
 472,403F,  2
 472,404E,  3
 472,411B,  6
 472,412A,  5
 472,413B,  1
 474,401B,  4
 474,402C,  3
 474,403F,  2
 474,404F,  7
 474,503G,  6
 474,504G,  1
 474,505C,  5
 476,401G,  2
 476,402G,  7
 476,403B,  1
 476,404E,  3
 476,411B,  6
 476,412A,  5
 476,413A,  4
 478,401A,  3
 478,402F,  1
 478,403C,  5
 478,404C,  2
 478,503G,  6
 478,504F,  7
 478,505F,  4
 480,401C,  1
 480,402C,  3
 480,403D,  7
 480,404C,  2
 480,411B,  6
 480,412A,  5
 480,413A,  4
 482,401F,  5
 482,402D,  6
 482,403B,  1
 482,404G,  4
 482,503C,  3
 482,504A,  2
 482,505B,  7
 484,401A,  3
 484,402G,  7
 484,403B,  1
 484,404C,  2
 484,411B,  6
 484,412A,  5
 484,413A,  4
 486,401B,  4
 486,402B,  2
 486,403C,  5
 486,404E,  3
 486,503A,  1
 486,504B,  6
 486,505B,  7
 488,401G,  2
 488,402G,  7
 488,403G,  3
 488,404B,  1
 488,411B,  6
 488,412A,  5
 488,413A,  4
 490,401D,  7
 490,402B,  2
 490,403A,  6
 490,404G,  4
 490,503C,  3
 490,504D,  5
 490,505G,  1
 492,401C,  1
 492,402B,  2
 492,403G,  3
 492,404F,  7
 492,411B,  6
 492,412A,  5
 492,413A,  4
 494,401C,  1
 494,402D,  6
 494,403F,  2
 494,404F,  7
 494,503C,  3
 494,504D,  5
 494,505F,  4
 496,401Z,  0
 496,402Z,  0
 496,403Z,  0
 496,404Z,  0
 496,411Z,  0
 496,412Z,  0
 496,413Z,  0
 498,401A,  3
 498,402A,  5
 498,403D,  7
 498,404B,  1
 498,503F,  4
 498,504B,  6
 498,505A,  2
 500,401Z,  0
 500,402Z,  0
 500,403Z,  0
 500,404Z,  0
 500,411Z,  0
 500,412Z,  0
 500,413Z,  0
   1,101B,  1
   1,102D,  7
   1,103A,  3
   1,104D,  2
   1,111A,  6
   1,112B,  5
   3,101D,  6
   3,102E,  4
   3,103F,  5
   3,104B,  1
   3,503E,  2
   3,504F,  7
   5,101A,  3
   5,102E,  4
   5,103G,  6
   5,104B,  1
   5,111B,  7
   5,112B,  5
   7,101G,  4
   7,102B,  5
   7,103A,  3
   7,104D,  2
   7,503D,  7
   7,504B,  6
   9,101E,  5
   9,102A,  1
   9,103C,  4
   9,104E,  6
   9,111B,  7
   9,112A,  3
  11,101B,  1
  11,102D,  7
  11,103G,  6
  11,104D,  2
  11,503B,  5
  11,504C,  3
  13,101F,  2
  13,102D,  7
  13,103F,  5
  13,104B,  1
  13,111A,  6
  13,112A,  3
  15,101A,  3
  15,102A,  1
  15,103G,  6
  15,104G,  4
  15,503D,  7
  15,504D,  5
  17,101B,  1
  17,102E,  4
  17,103E,  7
  17,104C,  3
  17,111A,  6
  17,112B,  5
  19,101F,  2
  19,102D,  7
  19,103A,  3
  19,104A,  5
  19,503A,  1
  19,504E,  4
  21,101C,  7
  21,102B,  5
  21,103B,  2
  21,104G,  4
  21,111A,  6
  21,112A,  3
  23,101D,  6
  23,102G,  3
  23,103F,  5
  23,104F,  7
  23,503F,  4
  23,504A,  2
  25,101B,  1
  25,102F,  2
  25,103C,  4
  25,104E,  6
  25,111B,  7
  25,112A,  3
  27,101G,  4
  27,102D,  7
  27,103D,  1
  27,104C,  3
  27,503G,  6
  27,504D,  5
  29,101B,  1
  29,102F,  2
  29,103F,  5
  29,104E,  6
  29,111B,  7
  29,112A,  3
  31,101C,  7
  31,102B,  5
  31,103C,  4
  31,104C,  3
  31,503E,  2
  31,504G,  1
  33,101C,  7
  33,102F,  2
  33,103C,  4
  33,104B,  1
  33,111A,  6
  33,112A,  3
  35,101G,  4
  35,102F,  2
  35,103E,  7
  35,104A,  5
  35,503A,  1
  35,504B,  6
  37,101F,  2
  37,102D,  7
  37,103D,  1
  37,104C,  3
  37,111A,  6
  37,112B,  5
  39,101F,  2
  39,102D,  7
  39,103A,  3
  39,104A,  5
  39,503A,  1
  39,504B,  6
  41,101C,  7
  41,102A,  1
  41,103C,  4
  41,104C,  3
  41,111A,  6
  41,112B,  5
  43,101C,  7
  43,102B,  5
  43,103A,  3
  43,104D,  2
  43,503G,  6
  43,504E,  4
  45,101G,  4
  45,102D,  7
  45,103D,  1
  45,104D,  2
  45,111A,  6
  45,112B,  5
  47,101D,  6
  47,102E,  4
  47,103E,  7
  47,104B,  1
  47,503E,  2
  47,504C,  3
  49,101G,  4
  49,102G,  3
  49,103E,  7
  49,104D,  2
  49,111A,  6
  49,112B,  5
  51,101C,  7
  51,102E,  4
  51,103D,  1
  51,104A,  5
  51,503G,  6
  51,504A,  2
  53,101B,  1
  53,102E,  4
  53,103B,  2
  53,104C,  3
  53,111B,  7
  53,112B,  5
  55,101B,  1
  55,102C,  6
  55,103B,  2
  55,104F,  7
  55,503B,  5
  55,504C,  3
  57,101G,  4
  57,102A,  1
  57,103B,  2
  57,104C,  3
  57,111A,  6
  57,112B,  5
  59,101F,  2
  59,102A,  1
  59,103G,  6
  59,104C,  3
  59,503F,  4
  59,504D,  5
  61,101B,  1
  61,102E,  4
  61,103B,  2
  61,104C,  3
  61,111B,  7
  61,112B,  5
  63,101E,  5
  63,102G,  3
  63,103E,  7
  63,104G,  4
  63,503A,  1
  63,504A,  2
  65,101B,  1
  65,102C,  6
  65,103C,  4
  65,104C,  3
  65,111B,  7
  65,112B,  5
  67,101B,  1
  67,102C,  6
  67,103F,  5
  67,104D,  2
  67,503D,  7
  67,504E,  4
  69,101C,  7
  69,102B,  5
  69,103D,  1
  69,104G,  4
  69,111A,  6
  69,112A,  3
  71,101F,  2
  71,102G,  3
  71,103D,  1
  71,104G,  4
  71,503D,  7
  71,504B,  6
  73,101D,  6
  73,102B,  5
  73,103B,  2
  73,104G,  4
  73,111B,  7
  73,112A,  3
  75,101D,  6
  75,102D,  7
  75,103D,  1
  75,104G,  4
  75,503C,  3
  75,504A,  2
  77,101F,  2
  77,102E,  4
  77,103G,  6
  77,104B,  1
  77,111B,  7
  77,112A,  3
  79,101A,  3
  79,102B,  5
  79,103D,  1
  79,104D,  2
  79,503G,  6
  79,504F,  7
  81,101E,  5
  81,102F,  2
  81,103E,  7
  81,104B,  1
  81,111A,  6
  81,112A,  3
  83,101D,  6
  83,102G,  3
  83,103D,  1
  83,104A,  5
  83,503D,  7
  83,504A,  2
  85,101F,  2
  85,102B,  5
  85,103G,  6
  85,104B,  1
  85,111B,  7
  85,112A,  3
  87,101D,  6
  87,102G,  3
  87,103B,  2
  87,104A,  5
  87,503D,  7
  87,504G,  1
  89,101F,  2
  89,102G,  3
  89,103D,  1
  89,104F,  7
  89,111A,  6
  89,112B,  5
  91,101G,  4
  91,102B,  5
  91,103G,  6
  91,104F,  7
  91,503C,  3
  91,504A,  2
  93,101A,  3
  93,102C,  6
  93,103C,  4
  93,104D,  2
  93,111B,  7
  93,112B,  5
  95,101D,  6
  95,102B,  5
  95,103A,  3
  95,104D,  2
  95,503D,  7
  95,504G,  1
  97,101D,  6
  97,102F,  2
  97,103F,  5
  97,104G,  4
  97,111B,  7
  97,112A,  3
  99,101G,  4
  99,102C,  6
  99,103F,  5
  99,104D,  2
  99,503A,  1
  99,504F,  7
 101,101F,  2
 101,102B,  5
 101,103G,  6
 101,104B,  1
 101,111B,  7
 101,112A,  3
 103,101D,  6
 103,102G,  3
 103,103C,  4
 103,104A,  5
 103,503A,  1
 103,504F,  7
 105,101B,  1
 105,102E,  4
 105,103B,  2
 105,104F,  7
 105,111A,  6
 105,112A,  3
 107,101B,  1
 107,102G,  3
 107,103E,  7
 107,104E,  6
 107,503E,  2
 107,504E,  4
 109,101A,  3
 109,102E,  4
 109,103B,  2
 109,104E,  6
 109,111B,  7
 109,112B,  5
 111,101F,  2
 111,102C,  6
 111,103E,  7
 111,104G,  4
 111,503C,  3
 111,504D,  5
 113,101D,  6
 113,102B,  5
 113,103B,  2
 113,104G,  4
 113,111B,  7
 113,112A,  3
 115,101E,  5
 115,102F,  2
 115,103E,  7
 115,104C,  3
 115,503A,  1
 115,504B,  6
 117,101F,  2
 117,102E,  4
 117,103A,  3
 117,104E,  6
 117,111B,  7
 117,112B,  5
 119,101A,  3
 119,102C,  6
 119,103E,  7
 119,104B,  1
 119,503B,  5
 119,504A,  2
 121,101A,  3
 121,102E,  4
 121,103B,  2
 121,104F,  7
 121,111A,  6
 121,112B,  5
 123,101A,  3
 123,102C,  6
 123,103E,  7
 123,104B,  1
 123,503E,  2
 123,504E,  4
 125,101A,  3
 125,102F,  2
 125,103E,  7
 125,104G,  4
 125,111A,  6
 125,112B,  5
 127,201A,  3
 127,202F,  5
 127,203B,  4
 127,204A,  6
 127,501F,  7
 127,502G,  2
 129,201B,  7
 129,202B,  2
 129,203B,  4
 129,204F,  3
 129,506D,  5
 129,507C,  6
 131,201F,  4
 131,202E,  1
 131,203C,  3
 131,204D,  5
 131,501C,  2
 131,502D,  7
 133,201B,  7
 133,202F,  5
 133,203G,  1
 133,204A,  6
 133,506G,  4
 133,507F,  2
 135,201E,  2
 135,202F,  5
 135,203C,  3
 135,204E,  1
 135,501A,  6
 135,502D,  7
 137,201A,  3
 137,202F,  5
 137,203A,  2
 137,204B,  4
 137,506A,  6
 137,507D,  1
 139,201C,  5
 139,202E,  1
 139,203A,  2
 139,204C,  7
 139,501A,  6
 139,502E,  4
 141,201B,  7
 141,202A,  4
 141,203F,  5
 141,204F,  3
 141,506A,  6
 141,507F,  2
 143,201D,  1
 143,202A,  4
 143,203D,  7
 143,204G,  2
 143,501D,  5
 143,502C,  6
 145,201C,  5
 145,202D,  6
 145,203C,  3
 145,204G,  2
 145,506E,  7
 145,507E,  4
 147,201G,  6
 147,202G,  7
 147,203C,  3
 147,204B,  4
 147,501G,  1
 147,502A,  5
 149,201D,  1
 149,202D,  6
 149,203B,  4
 149,204C,  7
 149,506C,  2
 149,507B,  5
 151,201E,  2
 151,202G,  7
 151,203B,  4
 151,204F,  3
 151,501D,  5
 151,502F,  1
 153,201F,  4
 153,202G,  7
 153,203F,  5
 153,204G,  2
 153,506A,  6
 153,507G,  3
 155,201G,  6
 155,202A,  4
 155,203G,  1
 155,204F,  3
 155,501F,  7
 155,502A,  5
 157,201G,  6
 157,202C,  3
 157,203D,  7
 157,204E,  1
 157,506C,  2
 157,507E,  4
 159,201E,  2
 159,202G,  7
 159,203G,  1
 159,204B,  4
 159,501E,  3
 159,502A,  5
 161,201A,  3
 161,202F,  5
 161,203B,  4
 161,204A,  6
 161,506F,  1
 161,507A,  7
 163,201B,  7
 163,202F,  5
 163,203G,  1
 163,204G,  2
 163,501B,  4
 163,502C,  6
 165,201G,  6
 165,202F,  5
 165,203B,  4
 165,204E,  1
 165,506B,  3
 165,507A,  7
 167,201D,  1
 167,202A,  4
 167,203A,  2
 167,204D,  5
 167,501F,  7
 167,502B,  3
 169,201C,  5
 169,202A,  4
 169,203G,  1
 169,204C,  7
 169,506C,  2
 169,507G,  3
 171,201A,  3
 171,202D,  6
 171,203D,  7
 171,204B,  4
 171,501C,  2
 171,502F,  1
 173,201G,  6
 173,202B,  2
 173,203D,  7
 173,204E,  1
 173,506G,  4
 173,507B,  5
 175,201C,  5
 175,202E,  1
 175,203B,  4
 175,204G,  2
 175,501A,  6
 175,502B,  3
 177,201E,  2
 177,202A,  4
 177,203C,  3
 177,204D,  5
 177,506E,  7
 177,507C,  6
 179,201B,  7
 179,202C,  3
 179,203B,  4
 179,204E,  1
 179,501D,  5
 179,502C,  6
 181,201D,  1
 181,202D,  6
 181,203D,  7
 181,204F,  3
 181,506C,  2
 181,507E,  4
 183,201A,  3
 183,202B,  2
 183,203G,  1
 183,204C,  7
 183,501A,  6
 183,502A,  5
 185,201C,  5
 185,202B,  2
 185,203G,  1
 185,204C,  7
 185,506B,  3
 185,507C,  6
 187,201B,  7
 187,202B,  2
 187,203E,  6
 187,204B,  4
 187,501G,  1
 187,502B,  3
 189,201F,  4
 189,202B,  2
 189,203E,  6
 189,204F,  3
 189,506E,  7
 189,507B,  5
 191,201C,  5
 191,202B,  2
 191,203E,  6
 191,204F,  3
 191,501F,  7
 191,502E,  4
 193,201A,  3
 193,202G,  7
 193,203G,  1
 193,204A,  6
 193,506C,  2
 193,507B,  5
 195,201F,  4
 195,202F,  5
 195,203C,  3
 195,204A,  6
 195,501C,  2
 195,502F,  1
 197,201B,  7
 197,202C,  3
 197,203G,  1
 197,204D,  5
 197,506C,  2
 197,507C,  6
 199,201E,  2
 199,202G,  7
 199,203F,  5
 199,204A,  6
 199,501B,  4
 199,502F,  1
 201,201F,  4
 201,202E,  1
 201,203C,  3
 201,204C,  7
 201,506D,  5
 201,507C,  6
 203,201A,  3
 203,202D,  6
 203,203F,  5
 203,204G,  2
 203,501F,  7
 203,502F,  1
 205,201D,  1
 205,202F,  5
 205,203C,  3
 205,204A,  6
 205,506E,  7
 205,507F,  2
 207,201B,  7
 207,202F,  5
 207,203G,  1
 207,204B,  4
 207,501A,  6
 207,502G,  2
 209,201F,  4
 209,202E,  1
 209,203D,  7
 209,204D,  5
 209,506C,  2
 209,507C,  6
 211,201E,  2
 211,202G,  7
 211,203F,  5
 211,204A,  6
 211,501G,  1
 211,502B,  3
 213,201E,  2
 213,202E,  1
 213,203F,  5
 213,204B,  4
 213,506A,  6
 213,507A,  7
 215,201B,  7
 215,202D,  6
 215,203F,  5
 215,204G,  2
 215,501E,  3
 215,502F,  1
 217,201C,  5
 217,202D,  6
 217,203C,  3
 217,204B,  4
 217,506C,  2
 217,507A,  7
 219,201D,  1
 219,202F,  5
 219,203E,  6
 219,204C,  7
 219,501E,  3
 219,502G,  2
 221,201D,  1
 221,202F,  5
 221,203A,  2
 221,204A,  6
 221,506E,  7
 221,507G,  3
 223,201D,  1
 223,202B,  2
 223,203D,  7
 223,204D,  5
 223,501E,  3
 223,502C,  6
 225,201E,  2
 225,202G,  7
 225,203G,  1
 225,204D,  5
 225,506B,  3
 225,507C,  6
 227,201G,  6
 227,202G,  7
 227,203C,  3
 227,204G,  2
 227,501B,  4
 227,502A,  5
 229,201C,  5
 229,202E,  1
 229,203D,  7
 229,204G,  2
 229,506B,  3
 229,507E,  4
 231,201B,  7
 231,202D,  6
 231,203A,  2
 231,204D,  5
 231,501B,  4
 231,502F,  1
 233,201G,  6
 233,202B,  2
 233,203D,  7
 233,204D,  5
 233,506B,  3
 233,507E,  4
 235,201D,  1
 235,202F,  5
 235,203A,  2
 235,204C,  7
 235,501E,  3
 235,502C,  6
 237,201G,  6
 237,202F,  5
 237,203D,  7
 237,204G,  2
 237,506F,  1
 237,507E,  4
 239,201D,  1
 239,202D,  6
 239,203D,  7
 239,204D,  5
 239,501C,  2
 239,502E,  4
 241,201B,  7
 241,202F,  5
 241,203E,  6
 241,204G,  2
 241,506F,  1
 241,507G,  3
 243,201C,  5
 243,202D,  6
 243,203D,  7
 243,204G,  2
 243,501B,  4
 243,502B,  3
 245,201B,  7
 245,202B,  2
 245,203E,  6
 245,204D,  5
 245,506F,  1
 245,507E,  4
 247,201C,  5
 247,202B,  2
 247,203E,  6
 247,204C,  7
 247,501G,  1
 247,502E,  4
 249,201B,  7
 249,202F,  5
 249,203A,  2
 249,204A,  6
 249,506G,  4
 249,507G,  3
 251,301E,  2
 251,302F,  6
 251,303A,  3
 251,304E,  4
 251,311B,  7
 251,312B,  1
 253,301E,  2
 253,302G,  3
 253,303E,  6
 253,304C,  1
 253,503D,  7
 253,504D,  5
 255,301B,  5
 255,302G,  3
 255,303E,  6
 255,304C,  1
 255,311A,  2
 255,312A,  7
 257,301B,  5
 257,302A,  2
 257,303F,  4
 257,304A,  6
 257,503D,  7
 257,504C,  3
 259,301C,  1
 259,302E,  4
 259,303B,  5
 259,304G,  3
 259,311A,  2
 259,312A,  7
 261,301D,  4
 261,302F,  6
 261,303B,  5
 261,304F,  7
 261,503C,  3
 261,504G,  1
 263,301C,  1
 263,302G,  3
 263,303E,  6
 263,304E,  4
 263,311A,  2
 263,312A,  7
 265,301C,  1
 265,302B,  5
 265,303F,  4
 265,304A,  6
 265,503D,  7
 265,504A,  2
 267,301D,  4
 267,302G,  3
 267,303B,  5
 267,304A,  6
 267,311A,  2
 267,312A,  7
 269,301A,  6
 269,302C,  1
 269,303B,  5
 269,304B,  2
 269,503D,  7
 269,504E,  4
 271,301C,  1
 271,302E,  4
 271,303B,  5
 271,304G,  3
 271,311A,  2
 271,312A,  7
 273,301E,  2
 273,302G,  3
 273,303B,  5
 273,304E,  4
 273,503A,  1
 273,504B,  6
 275,301A,  6
 275,302B,  5
 275,303F,  4
 275,304C,  1
 275,311A,  2
 275,312A,  7
 277,301C,  1
 277,302D,  7
 277,303F,  4
 277,304G,  3
 277,503E,  2
 277,504D,  5
 279,301D,  4
 279,302A,  2
 279,303E,  6
 279,304D,  5
 279,311B,  7
 279,312B,  1
 281,301A,  6
 281,302G,  3
 281,303F,  4
 281,304B,  2
 281,503A,  1
 281,504D,  5
 283,301F,  3
 283,302E,  4
 283,303D,  7
 283,304D,  5
 283,311A,  2
 283,312B,  1
 285,301D,  4
 285,302D,  7
 285,303E,  6
 285,304D,  5
 285,503A,  1
 285,504C,  3
 287,301E,  2
 287,302G,  3
 287,303F,  4
 287,304A,  6
 287,311B,  7
 287,312B,  1
 289,301D,  4
 289,302B,  5
 289,303A,  3
 289,304A,  6
 289,503E,  2
 289,504F,  7
 291,301F,  3
 291,302D,  7
 291,303F,  4
 291,304D,  5
 291,311A,  2
 291,312B,  1
 293,301E,  2
 293,302F,  6
 293,303G,  1
 293,304E,  4
 293,503B,  5
 293,504F,  7
 295,301D,  4
 295,302B,  5
 295,303A,  3
 295,304A,  6
 295,311B,  7
 295,312B,  1
 297,301D,  4
 297,302A,  2
 297,303B,  5
 297,304A,  6
 297,503C,  3
 297,504G,  1
 299,301A,  6
 299,302B,  5
 299,303C,  2
 299,304G,  3
 299,311B,  7
 299,312B,  1
 301,301E,  2
 301,302G,  3
 301,303G,  1
 301,304A,  6
 301,503F,  4
 301,504D,  5
 303,301B,  5
 303,302F,  6
 303,303A,  3
 303,304E,  4
 303,311A,  2
 303,312A,  7
 305,301E,  2
 305,302D,  7
 305,303G,  1
 305,304A,  6
 305,503C,  3
 305,504E,  4
 307,301E,  2
 307,302F,  6
 307,303F,  4
 307,304G,  3
 307,311B,  7
 307,312B,  1
 309,301B,  5
 309,302F,  6
 309,303G,  1
 309,304G,  3
 309,503E,  2
 309,504E,  4
 311,301A,  6
 311,302A,  2
 311,303F,  4
 311,304G,  3
 311,311B,  7
 311,312B,  1
 313,301E,  2
 313,302C,  1
 313,303D,  7
 313,304A,  6
 313,503B,  5
 313,504C,  3
 315,301A,  6
 315,302G,  3
 315,303D,  7
 315,304E,  4
 315,311A,  2
 315,312B,  1
 317,301B,  5
 317,302C,  1
 317,303C,  2
 317,304E,  4
 317,503G,  6
 317,504F,  7
 319,301G,  7
 319,302E,  4
 319,303A,  3
 319,304D,  5
 319,311A,  2
 319,312B,  1
 321,301G,  7
 321,302C,  1
 321,303E,  6
 321,304D,  5
 321,503E,  2
 321,504E,  4
 323,301F,  3
 323,302F,  6
 323,303C,  2
 323,304E,  4
 323,311B,  7
 323,312B,  1
 325,301E,  2
 325,302F,  6
 325,303A,  3
 325,304C,  1
 325,503F,  4
 325,504F,  7
 327,301D,  4
 327,302A,  2
 327,303A,  3
 327,304D,  5
 327,311B,  7
 327,312B,  1
 329,301F,  3
 329,302D,  7
 329,303E,  6
 329,304B,  2
 329,503F,  4
 329,504G,  1
 331,301B,  5
 331,302E,  4
 331,303C,  2
 331,304G,  3
 331,311B,  7
 331,312B,  1
 333,301C,  1
 333,302E,  4
 333,303E,  6
 333,304F,  7
 333,503C,  3
 333,504A,  2
 335,301B,  5
 335,302E,  4
 335,303C,  2
 335,304A,  6
 335,311B,  7
 335,312B,  1
 337,301B,  5
 337,302C,  1
 337,303D,  7
 337,304B,  2
 337,503G,  6
 337,504E,  4
 339,301F,  3
 339,302E,  4
 339,303G,  1
 339,304D,  5
 339,311A,  2
 339,312A,  7
 341,301C,  1
 341,302F,  6
 341,303A,  3
 341,304F,  7
 341,503B,  5
 341,504E,  4
 343,301G,  7
 343,302F,  6
 343,303F,  4
 343,304D,  5
 343,311A,  2
 343,312B,  1
 345,301B,  5
 345,302A,  2
 345,303E,  6
 345,304G,  3
 345,503A,  1
 345,504E,  4
 347,301B,  5
 347,302D,  7
 347,303E,  6
 347,304E,  4
 347,311A,  2
 347,312B,  1
 349,301C,  1
 349,302E,  4
 349,303C,  2
 349,304F,  7
 349,503G,  6
 349,504C,  3
 351,301B,  5
 351,302A,  2
 351,303F,  4
 351,304A,  6
 351,311B,  7
 351,312B,  1
 353,301B,  5
 353,302D,  7
 353,303F,  4
 353,304G,  3
 353,503G,  6
 353,504A,  2
 355,301G,  7
 355,302E,  4
 355,303E,  6
 355,304D,  5
 355,311A,  2
 355,312B,  1
 357,301E,  2
 357,302C,  1
 357,303E,  6
 357,304D,  5
 357,503C,  3
 357,504F,  7
 359,301E,  2
 359,302E,  4
 359,303E,  6
 359,304G,  3
 359,311B,  7
 359,312B,  1
 361,301G,  7
 361,302C,  1
 361,303C,  2
 361,304E,  4
 361,503C,  3
 361,504B,  6
 363,301F,  3
 363,302F,  6
 363,303G,  1
 363,304E,  4
 363,311A,  2
 363,312A,  7
 365,301F,  3
 365,302E,  4
 365,303C,  2
 365,304F,  7
 365,503G,  6
 365,504G,  1
 367,301F,  3
 367,302F,  6
 367,303G,  1
 367,304E,  4
 367,311A,  2
 367,312A,  7
 369,301F,  3
 369,302A,  2
 369,303D,  7
 369,304C,  1
 369,503F,  4
 369,504B,  6
 371,301D,  4
 371,302F,  6
 371,303G,  1
 371,304G,  3
 371,311A,  2
 371,312A,  7
 373,301C,  1
 373,302D,  7
 373,303C,  2
 373,304G,  3
 373,503G,  6
 373,504E,  4
 375,301D,  4
 375,302F,  6
 375,303G,  1
 375,304G,  3
 375,311A,  2
 375,312A,  7
 377,401G,  2
 377,402F,  1
 377,403C,  5
 377,404D,  6
 377,501B,  4
 377,502B,  3
 379,401A,  3
 379,402F,  1
 379,403C,  5
 379,404G,  4
 379,506A,  6
 379,507A,  7
 381,401A,  3
 381,402B,  2
 381,403D,  7
 381,404B,  1
 381,501D,  5
 381,502C,  6
 383,401C,  1
 383,402B,  2
 383,403G,  3
 383,404F,  7
 383,506A,  6
 383,507E,  4
 385,401D,  7
 385,402A,  5
 385,403B,  1
 385,404G,  4
 385,501C,  2
 385,502C,  6
 387,401D,  7
 387,402C,  3
 387,403E,  4
 387,404D,  6
 387,506D,  5
 387,507F,  2
 389,401F,  5
 389,402F,  1
 389,403D,  7
 389,404G,  4
 389,501E,  3
 389,502G,  2
 391,401E,  6
 391,402B,  2
 391,403B,  1
 391,404G,  4
 391,506E,  7
 391,507B,  5
 393,401D,  7
 393,402F,  1
 393,403F,  2
 393,404A,  5
 393,501E,  3
 393,502C,  6
 395,401A,  3
 395,402F,  1
 395,403D,  7
 395,404G,  4
 395,506C,  2
 395,507B,  5
 397,401B,  4
 397,402B,  2
 397,403D,  7
 397,404E,  3
 397,501D,  5
 397,502F,  1
 399,401A,  3
 399,402F,  1
 399,403C,  5
 399,404C,  2
 399,506E,  7
 399,507E,  4
 401,401C,  1
 401,402D,  6
 401,403C,  5
 401,404G,  4
 401,501E,  3
 401,502G,  2
 403,401D,  7
 403,402A,  5
 403,403A,  6
 403,404B,  1
 403,506G,  4
 403,507G,  3
 405,401C,  1
 405,402A,  5
 405,403F,  2
 405,404F,  7
 405,501E,  3
 405,502E,  4
 407,401G,  2
 407,402D,  6
 407,403C,  5
 407,404F,  7
 407,506B,  3
 407,507E,  4
 409,401E,  6
 409,402E,  4
 409,403B,  1
 409,404E,  3
 409,501D,  5
 409,502G,  2
 411,401B,  4
 411,402C,  3
 411,403D,  7
 411,404D,  6
 411,506F,  1
 411,507F,  2
 413,401D,  7
 413,402C,  3
 413,403A,  6
 413,404B,  1
 413,501C,  2
 413,502E,  4
 415,401D,  7
 415,402E,  4
 415,403C,  5
 415,404E,  3
 415,506A,  6
 415,507D,  1
 417,401B,  4
 417,402D,  6
 417,403B,  1
 417,404E,  3
 417,501F,  7
 417,502G,  2
 419,401E,  6
 419,402E,  4
 419,403G,  3
 419,404A,  5
 419,506F,  1
 419,507F,  2
 421,401C,  1
 421,402D,  6
 421,403C,  5
 421,404E,  3
 421,501F,  7
 421,502E,  4
 423,401G,  2
 423,402C,  3
 423,403D,  7
 423,404B,  1
 423,506A,  6
 423,507B,  5
 425,401F,  5
 425,402E,  4
 425,403G,  3
 425,404B,  1
 425,501F,  7
 425,502G,  2
 427,401G,  2
 427,402E,  4
 427,403G,  3
 427,404A,  5
 427,506A,  6
 427,507A,  7
 429,401B,  4
 429,402C,  3
 429,403A,  6
 429,404A,  5
 429,501G,  1
 429,502G,  2
 431,401A,  3
 431,402A,  5
 431,403D,  7
 431,404C,  2
 431,506F,  1
 431,507C,  6
 433,401A,  3
 433,402F,  1
 433,403C,  5
 433,404F,  7
 433,501A,  6
 433,502E,  4
 435,401G,  2
 435,402A,  5
 435,403D,  7
 435,404B,  1
 435,506G,  4
 435,507G,  3
 437,401G,  2
 437,402G,  7
 437,403G,  3
 437,404B,  1
 437,501A,  6
 437,502A,  5
 439,401E,  6
 439,402E,  4
 439,403G,  3
 439,404A,  5
 439,506F,  1
 439,507A,  7
 441,401E,  6
 441,402E,  4
 441,403D,  7
 441,404A,  5
 441,501C,  2
 441,502B,  3
 443,401C,  1
 443,402D,  6
 443,403F,  2
 443,404E,  3
 443,506G,  4
 443,507A,  7
 445,401F,  5
 445,402E,  4
 445,403D,  7
 445,404C,  2
 445,501E,  3
 445,502F,  1
 447,401B,  4
 447,402C,  3
 447,403D,  7
 447,404D,  6
 447,506F,  1
 447,507B,  5
 449,401C,  1
 449,402E,  4
 449,403C,  5
 449,404C,  2
 449,501A,  6
 449,502B,  3
 451,401E,  6
 451,402E,  4
 451,403D,  7
 451,404B,  1
 451,506B,  3
 451,507B,  5
 453,401C,  1
 453,402E,  4
 453,403A,  6
 453,404F,  7
 453,501D,  5
 453,502B,  3
 455,401A,  3
 455,402G,  7
 455,403B,  1
 455,404G,  4
 455,506D,  5
 455,507F,  2
 457,401G,  2
 457,402C,  3
 457,403B,  1
 457,404F,  7
 457,501D,  5
 457,502E,  4
 459,401E,  6
 459,402E,  4
 459,403F,  2
 459,404F,  7
 459,506B,  3
 459,507B,  5
 461,401A,  3
 461,402D,  6
 461,403C,  5
 461,404C,  2
 461,501F,  7
 461,502F,  1
 463,401G,  2
 463,402A,  5
 463,403B,  1
 463,404D,  6
 463,506G,  4
 463,507G,  3
 465,401F,  5
 465,402G,  7
 465,403B,  1
 465,404G,  4
 465,501C,  2
 465,502B,  3
 467,401A,  3
 467,402A,  5
 467,403F,  2
 467,404G,  4
 467,506E,  7
 467,507C,  6
 469,401A,  3
 469,402G,  7
 469,403A,  6
 469,404A,  5
 469,501C,  2
 469,502F,  1
 471,401B,  4
 471,402G,  7
 471,403G,  3
 471,404C,  2
 471,506A,  6
 471,507B,  5
 473,401C,  1
 473,402D,  6
 473,403E,  4
 473,404A,  5
 473,501C,  2
 473,502B,  3
 475,401G,  2
 475,402C,  3
 475,403E,  4
 475,404B,  1
 475,506D,  5
 475,507A,  7
 477,401B,  4
 477,402D,  6
 477,403B,  1
 477,404C,  2
 477,501D,  5
 477,502B,  3
 479,401E,  6
 479,402A,  5
 479,403G,  3
 479,404C,  2
 479,506E,  7
 479,507D,  1
 481,401C,  1
 481,402G,  7
 481,403C,  5
 481,404D,  6
 481,501C,  2
 481,502B,  3
 483,401C,  1
 483,402D,  6
 483,403C,  5
 483,404C,  2
 483,506B,  3
 483,507A,  7
 485,401C,  1
 485,402G,  7
 485,403A,  6
 485,404C,  2
 485,501D,  5
 485,502E,  4
 487,401A,  3
 487,402G,  7
 487,403E,  4
 487,404D,  6
 487,506D,  5
 487,507D,  1
 489,401C,  1
 489,402G,  7
 489,403E,  4
 489,404A,  5
 489,501C,  2
 489,502B,  3
 491,401G,  2
 491,402G,  7
 491,403A,  6
 491,404A,  5
 491,506B,  3
 491,507D,  1
 493,401E,  6
 493,402F,  1
 493,403E,  4
 493,404C,  2
 493,501E,  3
 493,502A,  5
 495,401F,  5
 495,402F,  1
 495,403G,  3
 495,404G,  4
 495,506E,  7
 495,507F,  2
 497,401F,  5
 497,402F,  1
 497,403A,  6
 497,404G,  4
 497,501E,  3
 497,502G,  2
 499,401B,  4
 499,402A,  5
 499,403A,  6
 499,404C,  2
 499,506E,  7
 499,507G,  3
